name,Pedestrians,Cyclists,Motorist
Mon,0.00072,0.00011,0.00044
Tue,0.00067,0.00007,0.00031
Wed,0.00056,0.00008,0.00036
Thu,0.00057,0.00008,0.00035
Fri,0.00062,0.00007,0.00040
Sat,0.00065,0.00005,0.00061
Sun,0.00070,0.00008,0.00080
