name,Pedestrians,Cyclists,Motorist
Mon,0.05217,0.01964,0.18162
Tue,0.05444,0.02041,0.17368
Wed,0.05338,0.02109,0.17340
Thu,0.05259,0.02042,0.17350
Fri,0.05139,0.01987,0.17867
Sat,0.04790,0.02025,0.21234
Sun,0.04378,0.02055,0.23533
