name,Injured / Killed,Unharmed
Mon,0.25471,0.81028
Tue,0.24958,0.81156
Wed,0.24886,0.81147
Thu,0.24751,0.81366
Fri,0.25101,0.81386
Sat,0.28179,0.80340
Sun,0.30122,0.79620
