name,Injured / Killed,Unharmed
Jan,0.24065,0.81923
Feb,0.23164,0.82634
Mar,0.24415,0.82143
Apr,0.25847,0.81259
May,0.26541,0.80807
Jun,0.26964,0.80547
Jul,0.27756,0.80128
Aug,0.27615,0.80025
Sep,0.27693,0.79826
Oct,0.26678,0.80229
Nov,0.25654,0.80943
Dec,0.25555,0.80972
