name,Pedestrians,Cyclists,Motorist
Jan,0.06031,0.01009,0.16912
Feb,0.05621,0.01025,0.16419
Mar,0.05144,0.01262,0.17915
Apr,0.04660,0.01881,0.19199
May,0.04569,0.02265,0.19606
Jun,0.04390,0.02636,0.19822
Jul,0.04193,0.02900,0.20535
Aug,0.04260,0.03051,0.20165
Sep,0.04780,0.02842,0.19938
Oct,0.05398,0.02274,0.18890
Nov,0.05842,0.01759,0.17923
Dec,0.06361,0.01232,0.17845
