name,Injured / Killed,Unharmed
2013,0.27205,0.80233
2014,0.24982,0.81705
2015,0.23704,0.82530
2016,0.26470,0.80708
2017,0.26373,0.80655
2018,0.26842,0.80238
