name,Pedestrians,Cyclists,Motorist
2013,0.00086,0.00005,0.00054
2014,0.00065,0.00010,0.00053
2015,0.00061,0.00007,0.00044
2016,0.00065,0.00009,0.00032
2017,0.00055,0.00012,0.00046
2018,0.00052,0.00004,0.00041
